{"cameraMode":{"drawMode":0,"name":"Shaded","section":"Shading Mode"},"sceneLighting":true,"audioPlay":false,"sceneViewState":{"showFog":true,"showMaterialUpdate":false,"showSkybox":true,"showFlares":true,"showImageEffects":true,"showParticleSystems":true,"showVisualEffectGraphs":true,"m_FxEnabled":true},"in2DMode":false,"pivot":{"x":3.5048608779907228,"y":4.978179454803467,"z":-0.2915029525756836},"rotation":{"x":0.016185149550437928,"y":-0.023397427052259446,"z":-0.0003790340560954064,"w":-0.9995948672294617},"size":7.867527008056641,"orthographic":false}